Workbook

Sheet INSTRUCOES
A1: EXPANSION · BASE DO CLIENTE — TEMPLATE PADRÃO v1.0
A3: Uma cópia por cliente. O nome do arquivo é: BASE-<CLIENTE>-AAAA-MM.xlsx
A4: Este é o padrão único da casa. NÃO mudar nomes de coluna, NÃO inserir coluna no meio.
A5: Se cada cliente tiver um formato diferente, em 12 meses não existe ativo — existem 15 planilhas.
A7: ABA | B7: O QUE É
A8: CONTATOS | B8: A base. Uma linha por pessoa que já comprou. É a única aba que se preenche na mão.
A9: AUDITORIA | B9: Calcula sozinha a partir de CONTATOS. É a página que fecha a venda.
A10: CAMPANHAS | B10: Uma linha por campanha disparada. Preencher no fechamento de cada campanha.
A11: EVENTOS | B11: O log. Cada envio, resposta, venda e opt-out. Alimentado pela automação (ou na mão no mês 1).
A12: PLACAR | B12: Uma linha por semana. É o que vai para o grupo toda segunda.
A14: ORDEM DE PREENCHIMENTO
A15: 1 | B15: Colar a base do cliente em CONTATOS — colunas A a I. As colunas J a M calculam sozinhas.
A16: 2 | B16: Abrir AUDITORIA. Os números já estarão lá. É isso que se apresenta ao cliente.
A17: 3 | B17: Escolher o segmento da campanha e registrar em CAMPANHAS.
A18: 4 | B18: Após o disparo, lançar as respostas e vendas em EVENTOS.
A19: 5 | B19: Toda segunda, preencher uma linha de PLACAR e mandar no grupo.
A21: REGRAS QUE NÃO SE QUEBRAM
A22: Telefone | B22: Sempre com DDD, só números: 11987654321. Sem +55, sem parênteses, sem traço.
A23: Datas | B23: Formato AAAA-MM-DD. Sempre.
A24: Valores | B24: Só número. Sem R$, sem ponto de milhar.
A25: Opt-out | B25: Quem pediu para sair recebe S na coluna OPTOUT e NUNCA MAIS entra em campanha. Sem exceção.
A26: Dúvida | B26: Na dúvida sobre se é cliente ou fornecedor: não entra. Mandar campanha para o fornecedor dela custa o contrato.

Sheet CONTATOS
A1: ID | B1: NOME | C1: TELEFONE | D1: DATA_1A_COMPRA | E1: DATA_ULT_COMPRA | F1: N_COMPRAS | G1: VALOR_TOTAL | H1: CATEGORIA_ULT_PRODUTO | I1: ORIGEM | J1: TICKET_MEDIO | K1: DIAS_SEM_COMPRAR | L1: FAIXA | M1: STATUS_REGUA | N1: OPTOUT
J2: =IFERROR(G2/F2,"") | K2: =IFERROR(TODAY()-E2,"") | L2: =IFERROR(IF(K2<=90,"ATIVO",IF(K2<=365,"MORNO","DORMENTE")),"")
J3: =IFERROR(G3/F3,"") | K3: =IFERROR(TODAY()-E3,"") | L3: =IFERROR(IF(K3<=90,"ATIVO",IF(K3<=365,"MORNO","DORMENTE")),"")
J4: =IFERROR(G4/F4,"") | K4: =IFERROR(TODAY()-E4,"") | L4: =IFERROR(IF(K4<=90,"ATIVO",IF(K4<=365,"MORNO","DORMENTE")),"")
J5: =IFERROR(G5/F5,"") | K5: =IFERROR(TODAY()-E5,"") | L5: =IFERROR(IF(K5<=90,"ATIVO",IF(K5<=365,"MORNO","DORMENTE")),"")
J6: =IFERROR(G6/F6,"") | K6: =IFERROR(TODAY()-E6,"") | L6: =IFERROR(IF(K6<=90,"ATIVO",IF(K6<=365,"MORNO","DORMENTE")),"")
J7: =IFERROR(G7/F7,"") | K7: =IFERROR(TODAY()-E7,"") | L7: =IFERROR(IF(K7<=90,"ATIVO",IF(K7<=365,"MORNO","DORMENTE")),"")
J8: =IFERROR(G8/F8,"") | K8: =IFERROR(TODAY()-E8,"") | L8: =IFERROR(IF(K8<=90,"ATIVO",IF(K8<=365,"MORNO","DORMENTE")),"")
J9: =IFERROR(G9/F9,"") | K9: =IFERROR(TODAY()-E9,"") | L9: =IFERROR(IF(K9<=90,"ATIVO",IF(K9<=365,"MORNO","DORMENTE")),"")
J10: =IFERROR(G10/F10,"") | K10: =IFERROR(TODAY()-E10,"") | L10: =IFERROR(IF(K10<=90,"ATIVO",IF(K10<=365,"MORNO","DORMENTE")),"")
J11: =IFERROR(G11/F11,"") | K11: =IFERROR(TODAY()-E11,"") | L11: =IFERROR(IF(K11<=90,"ATIVO",IF(K11<=365,"MORNO","DORMENTE")),"")
J12: =IFERROR(G12/F12,"") | K12: =IFERROR(TODAY()-E12,"") | L12: =IFERROR(IF(K12<=90,"ATIVO",IF(K12<=365,"MORNO","DORMENTE")),"")
J13: =IFERROR(G13/F13,"") | K13: =IFERROR(TODAY()-E13,"") | L13: =IFERROR(IF(K13<=90,"ATIVO",IF(K13<=365,"MORNO","DORMENTE")),"")
... J501: =IFERROR(G501/F501,"") | K501: =IFERROR(TODAY()-E501,"") | L501: =IFERROR(IF(K501<=90,"ATIVO",IF(K501<=365,"MORNO","DORMENTE")),"")
A503: Colar a base a partir da linha 2. As colunas J, K e L calculam sozinhas — não digitar nelas.

Sheet AUDITORIA
A1: AUDITORIA DA BASE
A2: Calcula sozinha a partir de CONTATOS. É esta página que fecha a venda.
A4: O QUE ELA TEM
A5: Total de contatos na base | B5: =COUNTA(CONTATOS!C2:C501)
A6: Compraram nos últimos 90 dias · ATIVO | B6: =COUNTIF(CONTATOS!L2:L501,"ATIVO")
A7: Compraram entre 90 e 365 dias · MORNO | B7: =COUNTIF(CONTATOS!L2:L501,"MORNO")
A8: Não compram há mais de 1 ano · DORMENTE | B8: =COUNTIF(CONTATOS!L2:L501,"DORMENTE")
A9: Pediram para sair · OPT-OUT | B9: =COUNTIF(CONTATOS!N2:N501,"S")
A11: COMO ELA COMPRA
A12: Ticket médio | B12: =IFERROR(AVERAGE(CONTATOS!J2:J501),0)
A13: Compras por cliente (frequência) | B13: =IFERROR(AVERAGE(CONTATOS!F2:F501),0)
A14: Faturamento histórico registrado na base | B14: =SUM(CONTATOS!G2:G501)
A16: O DINHEIRO PARADO
A17: Alvo da campanha · MORNO + DORMENTE | B17: =B7+B8
A18: Taxa de resposta esperada | B18: 0.08
A19: Taxa de conversão sobre quem responde | B19: 0.32
A20: VENDA POTENCIAL DA PRIMEIRA CAMPANHA | B20: =B17*B18*B19*B12
A22: A TRAVA COMERCIAL
A23: Mensalidade do EX1 | B23: 1800
A24: Venda nova que precisa gerar (fee ÷ 0,35) | B24: =B23/0.35
A25: A campanha cobre quanto da meta? | B25: =IFERROR(B20/B24,"")
A27: As taxas de 8% e 32% são referência de mercado (ver 13-MERCADO). Substituir pelo número real da casa assim que houver 3 campanhas medidas.
A28: Frase para a call: "Você tem X clientes. Y não compram há mais de um ano. Isso é R$Z de venda parada."

Sheet CAMPANHAS
A1: CAMPANHA_ID | B1: DATA | C1: SEGMENTO | D1: TIPO_OFERTA | E1: N_ENVIADOS | F1: N_RESPOSTAS | G1: N_VENDAS | H1: VALOR_TOTAL | I1: TAXA_RESPOSTA | J1: TAXA_CONVERSAO | K1: TICKET | L1: COPY_USADA
I2: =IFERROR(F2/E2,"") | J2: =IFERROR(G2/F2,"") | K2: =IFERROR(H2/G2,"")
I3: =IFERROR(F3/E3,"") | J3: =IFERROR(G3/F3,"") | K3: =IFERROR(H3/G3,"")
I4: =IFERROR(F4/E4,"") | J4: =IFERROR(G4/F4,"") | K4: =IFERROR(H4/G4,"")
I5: =IFERROR(F5/E5,"") | J5: =IFERROR(G5/F5,"") | K5: =IFERROR(H5/G5,"")
I6: =IFERROR(F6/E6,"") | J6: =IFERROR(G6/F6,"") | K6: =IFERROR(H6/G6,"")
I7: =IFERROR(F7/E7,"") | J7: =IFERROR(G7/F7,"") | K7: =IFERROR(H7/G7,"")
I8: =IFERROR(F8/E8,"") | J8: =IFERROR(G8/F8,"") | K8: =IFERROR(H8/G8,"")
I9: =IFERROR(F9/E9,"") | J9: =IFERROR(G9/F9,"") | K9: =IFERROR(H9/G9,"")
I10: =IFERROR(F10/E10,"") | J10: =IFERROR(G10/F10,"") | K10: =IFERROR(H10/G10,"")
I11: =IFERROR(F11/E11,"") | J11: =IFERROR(G11/F11,"") | K11: =IFERROR(H11/G11,"")
I12: =IFERROR(F12/E12,"") | J12: =IFERROR(G12/F12,"") | K12: =IFERROR(H12/G12,"")
I13: =IFERROR(F13/E13,"") | J13: =IFERROR(G13/F13,"") | K13: =IFERROR(H13/G13,"")
... I119: =IFERROR(F119/E119,"") | J119: =IFERROR(G119/F119,"") | K119: =IFERROR(H119/G119,"")
A122: SEGMENTO: usar sempre o mesmo vocabulário — ATIVO, MORNO, DORMENTE, ANIVERSARIO, POS-COMPRA, CATEGORIA:<nome>.
A123: É esta coluna que, somada nos 15 clientes, vira o benchmark de setor da Expansion.

Sheet EVENTOS
A1: EVENTO_ID | B1: DATA | C1: CONTATO_ID | D1: TIPO | E1: CAMPANHA_ID | F1: VALOR_VENDA | G1: OBS
A503: TIPO: ENVIO · RESPOSTA · VENDA · OPTOUT. Só esses quatro. No mês 1 é preenchido na mão; a partir do mês 2, pela automação.

Sheet PLACAR
A1: PLACAR COMPARTILHADO
A2: Duas colunas: o que a Expansion entregou e o que a loja respondeu. Vai no grupo toda segunda, sempre no mesmo formato.
A3: LADO EXPANSION | E3: LADO LOJA | H3: COMPARTILHADO
A4: SEMANA | B4: MENSAGENS ENVIADAS | C4: CONVERSAS GERADAS | D4: CUSTO POR CONVERSA | E4: TEMPO 1A RESPOSTA (MIN) | F4: TAXA DE RESPOSTA DA LOJA | G4: SEM RESPOSTA EM 24H | H4: VENDAS ATRIBUIDAS
A61: As três colunas azuis são responsabilidade DELE. É esta separação que impede o cliente de culpar a Expansion por algo que é dele.
